{
  "vsicons.associations.files": [
    {
      "icon": "klivez80",
      "extensions": ["z80asm"],
      "format": "png"
    },
    {
      "icon": "klivebas",
      "extensions": ["zxb", "zxbas", "bor"],
      "format": "png"
    },
    {
      "icon": "tapetzx",
      "extensions": ["tzx", "tap"],
      "format": "png"
    },
    {
      "icon": "memory",
      "extensions": ["view.memory"],
      "filename": true,
      "format": "png"
    },
    {
      "icon": "disassembly",
      "extensions": ["view.disassembly"],
      "filename": true,
      "format": "png"
    },
    {
      "icon": "spectrum",
      "extensions": ["spectrum.machine"],
      "filename": true,
      "format": "png"
    },
    {
      "icon": "viewbas",
      "extensions": ["view.basic"],
      "filename": true,
      "format": "png"
    }
  ]
}
